geography,yearText,gradeText,studentsEnrolled,freeLunchProgramNumber,freeLunchProgramPercent,reducedLunchProgramNumber,reducedLunchProgramPercent,totalFreeAndReducedLunchProgramNumber,totalFreeAndReducedLunchProgramPercent,resolution,schoolDistrictText,schoolDistrictNumberText,schoolText,schoolTypeText,schoolNumber,districtType,districtIdText,rucaCode,ruralUrbanLevel,ruralUrbanSublevel,povertyLevel,povertySublevel,gradeLevel,gradeSort,
"Dakota","2017-2018","All grades combined","98","32","32.7","0","0","32","32.7","[object Object]","Academic Arts High","null","Academic Arts High School","Secondary and Senior High Schools","10","7","4119","1","Urban","Urban","Low","Mid-low","9-12","-1"
"Ramsey","2017-2018","All grades combined","313","76","24.3","31","9.9","107","34.2","[object Object]","Afsa High","null","Afsa High School","Secondary and Senior High Schools","10","7","4074","1","Urban","Urban","Low","Mid-low","7-12","-1"
"Stearns","2017-2018","All grades combined","530","62","11.7","26","4.9","88","16.6","[object Object]","Albany","null","Albany Senior High","Secondary and Senior High Schools","60","1","745","10.1","Urban","Urban","Low","Low","9-12","-1"
"Hennepin","2017-2018","All grades combined","41","36","87.8","2","4.9","38","92.7","[object Object]","Minneapolis","null","American Indian Oic","Secondary and Senior High Schools","393","3","1","1","Urban","Urban","High","High","9-12","-1"
"Anoka","2017-2018","All grades combined","1740","143","8.2","75","4.3","218","12.5","[object Object]","Anoka-Hennepin","null","Andover High School","Secondary and Senior High Schools","94","1","11","1","Urban","Urban","Low","Low","9-12","-1"
"Wright","2017-2018","All grades combined","530","70","13.2","39","7.4","109","20.6","[object Object]","Annandale","null","Annandale Senior High","Secondary and Senior High Schools","3","1","876","3","Urban","Urban","Low","Low","9-12","-1"
"Anoka","2017-2018","All grades combined","148","76","51.4","9","6.1","85","57.4","[object Object]","Anoka-Hennepin","null","Anoka-Hennepin Regional High","Secondary and Senior High Schools","110","1","11","1","Urban","Urban","High","Mid-high","10-12","-1"
"Anoka","2017-2018","All grades combined","2299","432","18.8","204","8.9","636","27.7","[object Object]","Anoka-Hennepin","null","Anoka High School","Secondary and Senior High Schools","1","1","11","1","Urban","Urban","Low","Mid-low","9-12","-1"
"Stearns","2017-2018","All grades combined","1426","750","52.6","108","7.6","858","60.2","[object Object]","St. Cloud","null","Apollo Senior High","Secondary and Senior High Schools","57","1","742","1","Urban","Urban","High","Mid-high","9-12","-1"
"Dakota","2017-2018","All grades combined","1648","466","28.3","144","8.7","610","37","[object Object]","Rosemount-Apple Valley-Eagan","null","Apple Valley Senior High","Secondary and Senior High Schools","97","1","196","1","Urban","Urban","Low","Mid-low","9-12","-1"
"Hennepin","2017-2018","All grades combined","83","70","84.3","0","0","70","84.3","[object Object]","Augsburg Fairview Academy","null","Augsburg Fairview Academy","Secondary and Senior High Schools","10","7","4111","1","Urban","Urban","High","High","9-12","-1"
"Ramsey","2017-2018","All grades combined","171","28","16.4","12","7","40","23.4","[object Object]","Avalon","null","Avalon School","Secondary and Senior High Schools","10","7","4075","1","Urban","Urban","Low","Low","9-12","-1"
"Clay","2017-2018","All grades combined","392","33","8.4","19","4.8","52","13.3","[object Object]","Barnesville","null","Barnesville Secondary","Secondary and Senior High Schools","40","1","146","2","Urban","Urban","Low","Low","7-12","-1"
"Sherburne","2017-2018","All grades combined","883","67","7.6","63","7.1","130","14.7","[object Object]","Becker","null","Becker Senior High","Secondary and Senior High Schools","20","1","726","2","Urban","Urban","Low","Low","9-12","-1"
"Scott","2017-2018","All grades combined","469","52","11.1","23","4.9","75","16","[object Object]","Belle Plaine","null","Belle Plaine Senior High","Secondary and Senior High Schools","20","1","716","2","Urban","Urban","Low","Low","9-12","-1"
"Sherburne","2017-2018","All grades combined","901","123","13.7","68","7.5","191","21.2","[object Object]","Big Lake","null","Big Lake Senior High","Secondary and Senior High Schools","20","1","727","2","Urban","Urban","Low","Low","9-12","-1"
"Anoka","2017-2018","All grades combined","2886","481","16.7","245","8.5","726","25.2","[object Object]","Anoka-Hennepin","null","Blaine High School","Secondary and Senior High Schools","91","1","11","1","Urban","Urban","Low","Mid-low","9-12","-1"
"Isanti","2017-2018","All grades combined","316","85","26.9","36","11.4","121","38.3","[object Object]","Braham","null","Braham Area Secondary","Secondary and Senior High Schools","1","1","314","2","Urban","Urban","Low","Mid-low","7-12","-1"
"Hennepin","2017-2018","All grades combined","573","381","66.5","89","15.5","470","82","[object Object]","Brooklyn Center","null","Brooklyn Center High","Secondary and Senior High Schools","12","1","286","1","Urban","Urban","High","High","9-12","-1"
"Hennepin","2017-2018","All grades combined","373","263","70.5","69","18.5","332","89","[object Object]","Brooklyn Center","null","Brooklyn Center Middle","Secondary and Senior High Schools","12","1","286","1","Urban","Urban","High","High","6-8","-1"
"Wright","2017-2018","All grades combined","1860","255","13.7","132","7.1","387","20.8","[object Object]","Buffalo-Hanover-Montrose","null","Buffalo Senior High","Secondary and Senior High Schools","40","1","877","2","Urban","Urban","Low","Low","9-12","-1"
"Dakota","2017-2018","All grades combined","2534","814","32.1","226","8.9","1040","41","[object Object]","Burnsville","null","Burnsville Senior High","Secondary and Senior High Schools","14","1","191","1","Urban","Urban","Low","Mid-low","9-12","-1"
"Olmsted","2017-2018","All grades combined","584","43","7.4","23","3.9","66","11.3","[object Object]","Byron","null","Byron Senior High School","Secondary and Senior High Schools","20","1","531","2","Urban","Urban","Low","Low","9-12","-1"
"Goodhue","2017-2018","All grades combined","637","80","12.6","57","8.9","137","21.5","[object Object]","Cannon Falls","null","Cannon Falls Secondary","Secondary and Senior High Schools","2","1","252","7.1","Urban","Urban","Low","Low","6-12","-1"
"Ramsey","2017-2018","All grades combined","76","59","77.6","1","1.3","60","78.9","[object Object]","Career Pathways","null","Career Pathways","Secondary and Senior High Schools","10","7","4237","1","Urban","Urban","High","High","KG-6","-1"
"Anoka","2017-2018","All grades combined","2006","211","10.5","77","3.8","288","14.4","[object Object]","Centennial","null","Centennial High School","Secondary and Senior High Schools","164","1","12","1","Urban","Urban","Low","Low","9-12","-1"
"Hennepin","2017-2018","All grades combined","35","33","94.3","0","0","33","94.3","[object Object]","Minneapolis","null","Center School","Secondary and Senior High Schools","361","3","1","1","Urban","Urban","High","High","7-12","-1"
"Ramsey","2017-2018","All grades combined","1785","760","42.6","101","5.7","861","48.2","[object Object]","St. Paul","null","Central Senior High","Secondary and Senior High Schools","210","1","625","1","Urban","Urban","Low","Mid-low","9-12","-1"
"Carver","2017-2018","All grades combined","346","29","8.4","14","4","43","12.4","[object Object]","Central","null","Central Senior High","Secondary and Senior High Schools","20","1","108","2","Urban","Urban","Low","Low","9-12","-1"
"Olmsted","2017-2018","All grades combined","1527","281","18.4","72","4.7","353","23.1","[object Object]","Rochester","null","Century Senior High","Secondary and Senior High Schools","305","1","535","1","Urban","Urban","Low","Low","9-12","-1"
"Anoka","2017-2018","All grades combined","2825","652","23.1","284","10.1","936","33.1","[object Object]","Anoka-Hennepin","null","Champlin Park High School","Secondary and Senior High Schools","192","1","11","1","Urban","Urban","Low","Mid-low","9-12","-1"
"Carver","2017-2018","All grades combined","1629","78","4.8","33","2","111","6.8","[object Object]","Eastern Carver County","null","Chanhassen High School","Secondary and Senior High Schools","64","1","112","1","Urban","Urban","Low","Low","9-12","-1"
"Carver","2017-2018","All grades combined","1477","252","17.1","115","7.8","367","24.8","[object Object]","Eastern Carver County","null","Chaska High School","Secondary and Senior High Schools","60","1","112","1","Urban","Urban","Low","Low","9-12","-1"
"Olmsted","2017-2018","All grades combined","407","63","15.5","24","5.9","87","21.4","[object Object]","Chatfield","null","Chatfield Secondary","Secondary and Senior High Schools","1","1","227","2","Urban","Urban","Low","Low","7-12","-1"
"Chisago","2017-2018","All grades combined","1093","105","9.6","48","4.4","153","14","[object Object]","Chisago Lakes","null","Chisago Lakes Senior High","Secondary and Senior High Schools","4","1","2144","2","Urban","Urban","Low","Low","9-12","-1"
"Ramsey","2017-2018","All grades combined","112","102","91.1","1","0.9","103","92","[object Object]","City Academy","null","City Academy","Secondary and Senior High Schools","10","7","4000","1","Urban","Urban","High","High","10-12","-1"
"Anoka","2017-2018","All grades combined","936","604","64.5","119","12.7","723","77.2","[object Object]","Columbia Heights","null","Columbia Heights Senior High","Secondary and Senior High Schools","16","1","13","1","Urban","Urban","High","High","9-12","-1"
"Ramsey","2017-2018","All grades combined","254","176","69.3","48","18.9","224","88.2","[object Object]","Community Of Peace Academy","null","Community Of Peace Academy High","Secondary and Senior High Schools","11","7","4015","1","Urban","Urban","High","High","9-12","-1"
"Ramsey","2017-2018","All grades combined","1291","772","59.8","83","6.4","855","66.2","[object Object]","St. Paul","null","Como Park Senior High","Secondary and Senior High Schools","212","1","625","1","Urban","Urban","High","Mid-high","9-12","-1"
"Anoka","2017-2018","All grades combined","2067","670","32.4","243","11.8","913","44.2","[object Object]","Anoka-Hennepin","null","Coon Rapids High School","Secondary and Senior High Schools","2","1","11","1","Urban","Urban","Low","Mid-low","9-12","-1"
"Ramsey","2017-2018","All grades combined","433","267","61.7","40","9.2","307","70.9","[object Object]","St. Paul","null","Creative Arts Secondary School","Secondary and Senior High Schools","211","1","625","1","Urban","Urban","High","Mid-high","6-12","-1"
"Wright","2017-2018","All grades combined","782","46","5.9","23","2.9","69","8.8","[object Object]","Delano","null","Delano Senior High","Secondary and Senior High Schools","20","1","879","2","Urban","Urban","Low","Low","9-12","-1"
"St. Louis","2017-2018","All grades combined","802","332","41.4","94","11.7","426","53.1","[object Object]","Duluth","null","Denfeld High School","Secondary and Senior High Schools","215","1","709","1","Urban","Urban","High","Mid-high","9-12","-1"
"Clay","2017-2018","All grades combined","408","43","10.5","22","5.4","65","15.9","[object Object]","Dilworth-Glyndon-Felton","null","Dilworth-Glyndon-Felton Senior High","Secondary and Senior High Schools","4","1","2164","2","Urban","Urban","Low","Low","9-12","-1"
"Olmsted","2017-2018","All grades combined","325","39","12","17","5.2","56","17.2","[object Object]","Dover-Eyota","null","Dover-Eyota High School","Secondary and Senior High Schools","30","1","533","2","Urban","Urban","Low","Low","9-12","-1"
"Hennepin","2017-2018","All grades combined","107","101","94.4","2","1.9","103","96.3","[object Object]","Minnesota Internship Center","null","Downtown Campus","Secondary and Senior High Schools","20","7","4102","1","Urban","Urban","High","High","9-12","-1"
"Dakota","2017-2018","All grades combined","2082","187","9","72","3.5","259","12.4","[object Object]","Rosemount-Apple Valley-Eagan","null","Eagan Senior High","Secondary and Senior High Schools","41","1","196","1","Urban","Urban","Low","Low","9-12","-1"
"Hennepin","2017-2018","All grades combined","555","131","23.6","32","5.8","163","29.4","[object Object]","Eagle Ridge Academy Charter","null","Eagle Ridge Academy Charter School","Secondary and Senior High Schools","10","7","4122","1","Urban","Urban","Low","Mid-low","6-12","-1"
"Polk","2017-2018","All grades combined","573","132","23","33","5.8","165","28.8","[object Object]","East Grand Forks","null","East Grand Forks Senior High","Secondary and Senior High Schools","320","1","595","1","Urban","Urban","Low","Mid-low","9-12","-1"
"St. Louis","2017-2018","All grades combined","1464","172","11.7","74","5.1","246","16.8","[object Object]","Duluth","null","East High School","Secondary and Senior High Schools","220","1","709","1","Urban","Urban","Low","Low","9-12","-1"
"Washington","2017-2018","All grades combined","1838","167","9.1","40","2.2","207","11.3","[object Object]","South Washington County","null","East Ridge High School","Secondary and Senior High Schools","25","1","833","1","Urban","Urban","Low","Low","9-12","-1"
"Dakota","2017-2018","All grades combined","2181","219","10","113","5.2","332","15.2","[object Object]","Rosemount-Apple Valley-Eagan","null","Eastview Senior High","Secondary and Senior High Schools","88","1","196","1","Urban","Urban","Low","Low","9-12","-1"
"Hennepin","2017-2018","All grades combined","2956","442","15","108","3.7","550","18.6","[object Object]","Eden Prairie","null","Eden Prairie Senior High","Secondary and Senior High Schools","64","1","272","1","Urban","Urban","Low","Low","9-12","-1"
"Hennepin","2017-2018","All grades combined","2733","194","7.1","39","1.4","233","8.5","[object Object]","Edina","null","Edina Senior High","Secondary and Senior High Schools","21","1","273","1","Urban","Urban","Low","Low","9-12","-1"
"Hennepin","2017-2018","All grades combined","958","691","72.1","71","7.4","762","79.5","[object Object]","Minneapolis","null","Edison Senior High","Secondary and Senior High Schools","352","3","1","1","Urban","Urban","High","High","9-12","-1"
"Hennepin","2017-2018","All grades combined","92","57","62","13","14.1","70","76.1","[object Object]","El Colegio Charter","null","El Colegio Charter School","Secondary and Senior High Schools","10","7","4057","1","Urban","Urban","High","High","9-12","-1"
"Sherburne","2017-2018","All grades combined","1694","157","9.3","81","4.8","238","14","[object Object]","Elk River","null","Elk River Senior High","Secondary and Senior High Schools","500","1","728","2","Urban","Urban","Low","Low","9-12","-1"
"Ramsey","2017-2018","All grades combined","79","59","74.7","12","15.2","71","89.9","[object Object]","Face To Face Academy","null","Face To Face Academy","Secondary and Senior High Schools","10","7","4036","1","Urban","Urban","High","High","9-12","-1"
"Dakota","2017-2018","All grades combined","2115","196","9.3","117","5.5","313","14.8","[object Object]","Farmington","null","Farmington High School","Secondary and Senior High Schools","20","1","192","1","Urban","Urban","Low","Low","9-12","-1"
"St. Louis","2017-2018","All grades combined","117","37","31.6","12","10.3","49","41.9","[object Object]","Floodwood","null","Floodwood Secondary","Secondary and Senior High Schools","20","1","698","3","Urban","Urban","Low","Mid-low","7-12","-1"
"Benton","2017-2018","All grades combined","645","119","18.4","69","10.7","188","29.1","[object Object]","Foley","null","Foley Senior High","Secondary and Senior High Schools","20","1","51","2","Urban","Urban","Low","Mid-low","9-12","-1"
"Washington","2017-2018","All grades combined","1443","144","10","81","5.6","225","15.6","[object Object]","Forest Lake","null","Forest Lake Senior High","Secondary and Senior High Schools","114","1","831","2","Urban","Urban","Low","Low","9-12","-1"
"Anoka","2017-2018","All grades combined","892","412","46.2","122","13.7","534","59.9","[object Object]","Fridley","null","Fridley Senior High","Secondary and Senior High Schools","22","1","14","1","Urban","Urban","High","Mid-high","9-12","-1"
"Mower","2017-2018","All grades combined","136","20","14.7","14","10.3","34","25","[object Object]","Grand Meadow","null","Grand Meadow Senior High","Secondary and Senior High Schools","30","1","495","2","Urban","Urban","Low","Low","9-12","-1"
"Ramsey","2017-2018","All grades combined","305","30","9.8","13","4.3","43","14.1","[object Object]","Great River","null","Great River School","Secondary and Senior High Schools","10","7","4105","1","Urban","Urban","Low","Low","7-12","-1"
"St. Louis","2017-2018","All grades combined","231","69","29.9","10","4.3","79","34.2","[object Object]","Harbor City International Charter","null","Harbor City International Charter","Secondary and Senior High Schools","10","7","4085","1","Urban","Urban","Low","Mid-low","9-12","-1"
"Ramsey","2017-2018","All grades combined","1925","1267","65.8","221","11.5","1488","77.3","[object Object]","St. Paul","null","Harding Senior High","Secondary and Senior High Schools","215","1","625","1","Urban","Urban","High","High","9-12","-1"
"Dakota","2017-2018","All grades combined","1430","126","8.8","77","5.4","203","14.2","[object Object]","Hastings","null","Hastings High School","Secondary and Senior High Schools","129","1","200","2","Urban","Urban","Low","Low","9-12","-1"
"Clay","2017-2018","All grades combined","441","41","9.3","19","4.3","60","13.6","[object Object]","Hawley","null","Hawley Secondary","Secondary and Senior High Schools","20","1","150","2","Urban","Urban","Low","Low","7-12","-1"
"Dodge","2017-2018","All grades combined","390","74","19","27","6.9","101","25.9","[object Object]","Hayfield","null","Hayfield Secondary","Secondary and Senior High Schools","1","1","203","2","Urban","Urban","Low","Mid-low","6-12","-1"
"Hennepin","2017-2018","All grades combined","1100","780","70.9","74","6.7","854","77.6","[object Object]","Minneapolis","null","Henry Senior High","Secondary and Senior High Schools","354","3","1","1","Urban","Urban","High","High","9-12","-1"
"Dakota","2017-2018","All grades combined","1430","430","30.1","111","7.8","541","37.8","[object Object]","West St. Paul-Mendota Hts.-Eagan","null","Henry Sibley High School","Secondary and Senior High Schools","53","1","197","1","Urban","Urban","Low","Mid-low","9-12","-1"
"Hennepin","2017-2018","All grades combined","188","176","93.6","1","0.5","177","94.1","[object Object]","Minneapolis","null","Heritage Science & Technology","Secondary and Senior High Schools","417","3","1","1","Urban","Urban","High","High","6-12","-1"
"St. Louis","2017-2018","All grades combined","662","41","6.2","26","3.9","67","10.1","[object Object]","Hermantown","null","Hermantown Senior High","Secondary and Senior High Schools","20","1","700","1","Urban","Urban","Low","Low","9-12","-1"
"Hennepin","2017-2018","All grades combined","290","191","65.9","51","17.6","242","83.4","[object Object]","Hiawatha Academies","null","Hiawatha Collegiate High","Secondary and Senior High Schools","10","7","4170","1","Urban","Urban","High","High","9-11","-1"
"Ramsey","2017-2018","All grades combined","169","144","85.2","13","7.7","157","92.9","[object Object]","Higher Ground Academy","null","Higher Ground Secondary Academy","Secondary and Senior High Schools","30","7","4027","1","Urban","Urban","High","High","9-12","-1"
"Ramsey","2017-2018","All grades combined","1308","465","35.6","132","10.1","597","45.6","[object Object]","St. Paul","null","Highland Park Senior High","Secondary and Senior High Schools","220","1","625","1","Urban","Urban","Low","Mid-low","9-12","-1"
"Ramsey","2017-2018","All grades combined","324","268","82.7","12","3.7","280","86.4","[object Object]","High School For Recording Arts","null","High School For Recording Arts","Secondary and Senior High Schools","10","7","4039","1","Urban","Urban","High","High","9-12","-1"
"Ramsey","2017-2018","All grades combined","495","327","66.1","76","15.4","403","81.4","[object Object]","Hmong College Prep Academy","null","Hmong College Prep Academy High School","Secondary and Senior High Schools","10","7","4103","1","Urban","Urban","High","High","9-12","-1"
"Stearns","2017-2018","All grades combined","504","63","12.5","54","10.7","117","23.2","[object Object]","Holdingford","null","Holdingford Secondary","Secondary and Senior High Schools","2","1","738","2","Urban","Urban","Low","Low","7-12","-1"
"Hennepin","2017-2018","All grades combined","1604","415","25.9","134","8.4","549","34.2","[object Object]","Hopkins","null","Hopkins Senior High","Secondary and Senior High Schools","282","1","270","1","Urban","Urban","Low","Mid-low","10-12","-1"
"Wright","2017-2018","All grades combined","328","49","14.9","20","6.1","69","21","[object Object]","Howard Lake-Waverly-Winsted","null","Howard Lake-Waverly-Winsted Secondary","Secondary and Senior High Schools","2","1","2687","2","Urban","Urban","Low","Low","9-12","-1"
"Ramsey","2017-2018","All grades combined","1346","1108","82.3","82","6.1","1190","88.4","[object Object]","St. Paul","null","Humboldt High School","Secondary and Senior High Schools","225","1","625","1","Urban","Urban","High","High","6-12","-1"
"Carver","2017-2018","All grades combined","66","14","21.2","5","7.6","19","28.8","[object Object]","Eastern Carver County","null","Integrated Arts Academy","Secondary and Senior High Schools","65","1","112","1","Urban","Urban","Low","Mid-low","9-12","-1"
"Ramsey","2017-2018","All grades combined","1706","521","30.5","185","10.8","706","41.4","[object Object]","Mounds View","null","Irondale Senior High","Secondary and Senior High Schools","65","1","621","1","Urban","Urban","Low","Mid-low","9-12","-1"
"Sherburne","2017-2018","All grades combined","69","21","30.4","2","2.9","23","33.3","[object Object]","Elk River","null","Ivan Sands Community High","Secondary and Senior High Schools","600","1","728","2","Urban","Urban","Low","Mid-low","9-12","-1"
"Wright","2017-2018","All grades combined","92","5","5.4","0","0","5","5.4","[object Object]","Jane Goodall Envir Science","null","Jane Goodall Envir Science","Secondary and Senior High Schools","10","7","4229","2","Urban","Urban","Low","Low","6-12","-1"
"Hennepin","2017-2018","All grades combined","1651","244","14.8","86","5.2","330","20","[object Object]","Bloomington","null","Jefferson Senior High","Secondary and Senior High Schools","9","1","271","1","Urban","Urban","Low","Low","9-12","-1"
"Ramsey","2017-2018","All grades combined","96","44","45.8","0","0","44","45.8","[object Object]","Jennings Community Learning Center","null","Jennings Experiential High School","Secondary and Senior High Schools","10","7","4031","1","Urban","Urban","Low","Mid-low","9-12","-1"
"Olmsted","2017-2018","All grades combined","1727","470","27.2","166","9.6","636","36.8","[object Object]","Rochester","null","John Marshall Senior High","Secondary and Senior High Schools","310","1","535","1","Urban","Urban","Low","Mid-low","9-12","-1"
"Ramsey","2017-2018","All grades combined","1292","839","64.9","145","11.2","984","76.2","[object Object]","St. Paul","null","Johnson Senior High","Secondary and Senior High Schools","230","1","625","1","Urban","Urban","High","High","9-12","-1"
"Scott","2017-2018","All grades combined","562","59","10.5","36","6.4","95","16.9","[object Object]","Jordan","null","Jordan Secondary","Secondary and Senior High Schools","127","1","717","2","Urban","Urban","Low","Low","9-12","-1"
"Wright","2017-2018","All grades combined","44","9","20.5","2","4.5","11","25","[object Object]","Kaleidoscope Charter","null","Kaleidoscope Charter High","Secondary and Senior High Schools","20","7","4118","2","Urban","Urban","Low","Low","9-12","-1"
"Wright","2017-2018","All grades combined","101","22","21.8","11","10.9","33","32.7","[object Object]","Kaleidoscope Charter","null","Kaleidoscope Charter Middle","Secondary and Senior High Schools","30","7","4118","2","Urban","Urban","Low","Mid-low","6-8","-1"
"Dodge","2017-2018","All grades combined","627","75","12","15","2.4","90","14.4","[object Object]","Kasson-Mantorville","null","Kasson-Mantorville Senior High","Secondary and Senior High Schools","30","1","204","2","Urban","Urban","Low","Low","9-12","-1"
"Hennepin","2017-2018","All grades combined","1525","602","39.5","188","12.3","790","51.8","[object Object]","Bloomington","null","Kennedy Senior High","Secondary and Senior High Schools","7","1","271","1","Urban","Urban","High","Mid-high","9-12","-1"
"Stearns","2017-2018","All grades combined","419","57","13.6","35","8.4","92","22","[object Object]","Kimball","null","Kimball Secondary","Secondary and Senior High Schools","20","1","739","2","Urban","Urban","Low","Low","6-12","-1"
"Wright","2017-2018","All grades combined","29","7","24.1","1","3.4","8","27.6","[object Object]","St. Michael-Albertville","null","Knights Academy","Secondary and Senior High Schools","50","1","885","2","Urban","Urban","Low","Mid-low","10-12","-1"
"Houston","2017-2018","All grades combined","14","2","14.3","2","14.3","4","28.6","[object Object]","Lacrescent Montessori Academy","null","La Crescent Secondary Montessori Academy","Secondary and Senior High Schools","20","7","4054","1","Urban","Urban","Low","Mid-low","7-12","-1"
"Houston","2017-2018","All grades combined","387","36","9.3","19","4.9","55","14.2","[object Object]","La Crescent-Hokah","null","La Crescent Senior High","Secondary and Senior High Schools","20","1","300","1","Urban","Urban","Low","Low","9-12","-1"
"Becker","2017-2018","All grades combined","321","64","19.9","22","6.9","86","26.8","[object Object]","Lake Park Audubon","null","Lake Park Audubon Secondary","Secondary and Senior High Schools","20","1","2889","3","Urban","Urban","Low","Mid-low","7-12","-1"
"Washington","2017-2018","All grades combined","331","18","5.4","16","4.8","34","10.3","[object Object]","Lakes International Language Academy","null","Lakes Intl Language Acad-Headwaters","Secondary and Senior High Schools","20","7","4116","2","Urban","Urban","Low","Low","6-12","-1"
"Dakota","2017-2018","All grades combined","1775","89","5","52","2.9","141","7.9","[object Object]","Lakeville","null","Lakeville North High","Secondary and Senior High Schools","28","1","194","1","Urban","Urban","Low","Low","9-12","-1"
"Dakota","2017-2018","All grades combined","1819","181","10","74","4.1","255","14","[object Object]","Lakeville","null","Lakeville South High","Secondary and Senior High Schools","40","1","194","1","Urban","Urban","Low","Low","9-12","-1"
"McLeod","2017-2018","All grades combined","202","34","16.8","24","11.9","58","28.7","[object Object]","Lester Prairie","null","Lester Prairie Secondary","Secondary and Senior High Schools","20","1","424","3","Urban","Urban","Low","Mid-low","7-12","-1"
"Hennepin","2017-2018","All grades combined","132","124","93.9","8","6.1","132","100","[object Object]","Lincoln International","null","Lincoln International School","Secondary and Senior High Schools","10","7","4178","1","Urban","Urban","High","High","9-12","-1"
"Carlton","2017-2018","All grades combined","562","28","5","18","3.2","46","8.2","[object Object]","Esko","null","Lincoln Secondary","Secondary and Senior High Schools","1","1","99","2","Urban","Urban","Low","Low","7-12","-1"
"Hennepin","2017-2018","All grades combined","149","16","10.7","7","4.7","23","15.4","[object Object]","Lionsgate Academy","null","Lionsgate Academy","Secondary and Senior High Schools","10","7","4183","1","Urban","Urban","Low","Low","7-12","-1"
"Hennepin","2017-2018","All grades combined","39","4","10.3","0","0","4","10.3","[object Object]","Lionsgate Academy","null","Lionsgate Academy Aim","Secondary and Senior High Schools","30","7","4183","1","Urban","Urban","Low","Low","12","-1"
"Hennepin","2017-2018","All grades combined","60","21","35","6","10","27","45","[object Object]","Minneapolis","null","Loring-Nicollet High","Secondary and Senior High Schools","349","3","1","1","Urban","Urban","Low","Mid-low","9-12","-1"
"Washington","2017-2018","All grades combined","1180","42","3.6","22","1.9","64","5.4","[object Object]","Mahtomedi","null","Mahtomedi Senior High","Secondary and Senior High Schools","40","1","832","1","Urban","Urban","Low","Low","9-12","-1"
"Hennepin","2017-2018","All grades combined","289","40","13.8","16","5.5","56","19.4","[object Object]","Main Street Performing Arts","null","Main Street School Performing Arts","Secondary and Senior High Schools","10","7","4110","1","Urban","Urban","Low","Low","9-12","-1"
"Hennepin","2017-2018","All grades combined","2275","247","10.9","81","3.6","328","14.4","[object Object]","Osseo","null","Maple Grove Senior High","Secondary and Senior High Schools","90","1","279","1","Urban","Urban","Low","Low","9-12","-1"
"Wright","2017-2018","All grades combined","450","47","10.4","38","8.4","85","18.9","[object Object]","Maple Lake","null","Maple Lake Secondary","Secondary and Senior High Schools","20","1","881","2","Urban","Urban","Low","Low","7-12","-1"
"Washington","2017-2018","All grades combined","512","17","3.3","4","0.8","21","4.1","[object Object]","Math And Science Academy","null","Math And Science Academy","Secondary and Senior High Schools","10","7","4043","1","Urban","Urban","Low","Low","6-12","-1"
"Olmsted","2017-2018","All grades combined","1689","407","24.1","109","6.5","516","30.6","[object Object]","Rochester","null","Mayo Senior High","Secondary and Senior High Schools","315","1","535","1","Urban","Urban","Low","Mid-low","9-12","-1"
"Hennepin","2017-2018","All grades combined","254","230","90.6","0","0","230","90.6","[object Object]","Metro Schools Charter","null","Metro Schools Charter","Secondary and Senior High Schools","10","7","4131","1","Urban","Urban","High","High","9-12","-1"
"Sibley","2017-2018","All grades combined","131","21","16","7","5.3","28","21.4","[object Object]","Minnesota New Country","null","Minnesota New Country School","Secondary and Senior High Schools","10","7","4007","2","Urban","Urban","Low","Low","7-12","-1"
"Hennepin","2017-2018","All grades combined","3276","167","5.1","59","1.8","226","6.9","[object Object]","Minnetonka","null","Minnetonka Senior High","Secondary and Senior High Schools","74","1","276","1","Urban","Urban","Low","Low","9-12","-1"
"Wright","2017-2018","All grades combined","1196","184","15.4","81","6.8","265","22.2","[object Object]","Monticello","null","Monticello Senior High","Secondary and Senior High Schools","20","1","882","2","Urban","Urban","Low","Low","9-12","-1"
"Clay","2017-2018","All grades combined","1756","553","31.5","79","4.5","632","36","[object Object]","Moorhead","null","Moorhead High School","Secondary and Senior High Schools","382","1","152","1","Urban","Urban","Low","Mid-low","9-12","-1"
"Ramsey","2017-2018","All grades combined","1794","138","7.7","83","4.6","221","12.3","[object Object]","Mounds View","null","Mounds View Senior High","Secondary and Senior High Schools","64","1","621","1","Urban","Urban","Low","Low","9-12","-1"
"Hennepin","2017-2018","All grades combined","899","92","10.2","66","7.3","158","17.6","[object Object]","Westonka","null","Mound-Westonka High School","Secondary and Senior High Schools","62","1","277","1","Urban","Urban","Low","Low","8-12","-1"
"Hennepin","2017-2018","All grades combined","219","192","87.7","9","4.1","201","91.8","[object Object]","Minnesota Transitions Charter","null","Mts High School","Secondary and Senior High Schools","12","7","4017","1","Urban","Urban","High","High","7-12","-1"
"Hennepin","2017-2018","All grades combined","29","15","51.7","1","3.4","16","55.2","[object Object]","Minnesota Transitions Charter","null","Mts Pease Academy","Secondary and Senior High Schools","16","7","4017","1","Urban","Urban","High","Mid-high","10-12","-1"
"Scott","2017-2018","All grades combined","1302","89","6.8","55","4.2","144","11.1","[object Object]","New Prague Area","null","New Prague Senior High","Secondary and Senior High Schools","29","1","721","2","Urban","Urban","Low","Low","9-12","-1"
"Hennepin","2017-2018","All grades combined","436","336","77.1","15","3.4","351","80.5","[object Object]","Minneapolis","null","North Academy Arts/Communication","Secondary and Senior High Schools","375","3","1","1","Urban","Urban","High","High","9-12","-1"
"Chisago","2017-2018","All grades combined","893","113","12.7","79","8.8","192","21.5","[object Object]","North Branch","null","North Branch Senior High","Secondary and Senior High Schools","30","1","138","2","Urban","Urban","Low","Low","9-12","-1"
"Washington","2017-2018","All grades combined","215","24","11.2","10","4.7","34","15.8","[object Object]","North Lakes Academy","null","North Lakes Academy 56","Secondary and Senior High Schools","20","7","4053","2","Urban","Urban","Low","Low","9-12","-1"
"Ramsey","2017-2018","All grades combined","1797","773","43","225","12.5","998","55.5","[object Object]","North St Paul-Maplewood Oakdale","null","North Senior High","Secondary and Senior High Schools","57","1","622","1","Urban","Urban","High","Mid-high","9-12","-1"
"Anoka","2017-2018","All grades combined","153","43","28.1","26","17","69","45.1","[object Object]","Northwest Passage High","null","Northwest Passage High School","Secondary and Senior High Schools","10","7","4049","1","Urban","Urban","Low","Mid-low","9-12","-1"
"Ramsey","2017-2018","All grades combined","514","39","7.6","24","4.7","63","12.3","[object Object]","Nova Classical Academy","null","Nova Classical Academy Upper School","Secondary and Senior High Schools","20","7","4098","1","Urban","Urban","Low","Low","6-12","-1"
"Ramsey","2017-2018","All grades combined","456","113","24.8","44","9.6","157","34.4","[object Object]","St. Paul","null","Open World Learning Secondary","Secondary and Senior High Schools","250","1","625","1","Urban","Urban","Low","Mid-low","6-12","-1"
"Hennepin","2017-2018","All grades combined","951","33","3.5","20","2.1","53","5.6","[object Object]","Orono","null","Orono Senior High","Secondary and Senior High Schools","30","1","278","1","Urban","Urban","Low","Low","9-12","-1"
"Hennepin","2017-2018","All grades combined","2080","768","36.9","235","11.3","1003","48.2","[object Object]","Osseo","null","Osseo Senior High","Secondary and Senior High Schools","32","1","279","1","Urban","Urban","Low","Mid-low","9-12","-1"
"Anoka","2017-2018","All grades combined","322","22","6.8","20","6.2","42","13","[object Object]","Pact Charter","null","Pact Charter Secondary","Secondary and Senior High Schools","30","7","4008","1","Urban","Urban","Low","Low","7-12","-1"
"Anoka","2017-2018","All grades combined","202","162","80.2","6","3","168","83.2","[object Object]","Paladin Career And Tech High","null","Paladin Career And Tech High School","Secondary and Senior High Schools","10","7","4104","1","Urban","Urban","High","High","9-12","-1"
"Hennepin","2017-2018","All grades combined","2027","1044","51.5","316","15.6","1360","67.1","[object Object]","Osseo","null","Park Center Ib World School","Secondary and Senior High Schools","88","1","279","1","Urban","Urban","High","Mid-high","9-12","-1"
"Washington","2017-2018","All grades combined","1819","429","23.6","84","4.6","513","28.2","[object Object]","South Washington County","null","Park Senior High","Secondary and Senior High Schools","24","1","833","1","Urban","Urban","Low","Mid-low","9-12","-1"
"Hennepin","2017-2018","All grades combined","104","22","21.2","12","11.5","34","32.7","[object Object]","Parnassus Preparatory Charter","null","Parnassus Preparatory School-Rhetoric","Secondary and Senior High Schools","25","7","4199","1","Urban","Urban","Low","Mid-low","9-12","-1"
"Hennepin","2017-2018","All grades combined","159","26","16.4","11","6.9","37","23.3","[object Object]","Perpich Center For Arts Education","null","Perpich Center For Arts Education","Secondary and Senior High Schools","10","70","1000","1","Urban","Urban","Low","Low","11-12","-1"
"Pine","2017-2018","All grades combined","790","193","24.4","56","7.1","249","31.5","[object Object]","Pine City","null","Pine City Secondary","Secondary and Senior High Schools","20","1","578","3","Urban","Urban","Low","Mid-low","7-12","-1"
"Goodhue","2017-2018","All grades combined","346","23","6.6","11","3.2","34","9.8","[object Object]","Pine Island","null","Pine Island Secondary","Secondary and Senior High Schools","20","1","255","2","Urban","Urban","Low","Low","9-12","-1"
"Wabasha","2017-2018","All grades combined","447","37","8.3","1","0.2","38","8.5","[object Object]","Plainview-Elgin-Millville","null","Plainview-Elgin-Millville High","Secondary and Senior High Schools","40","1","2899","7.1","Urban","Urban","Low","Low","9-12","-1"
"Hennepin","2017-2018","All grades combined","147","129","87.8","3","2","132","89.8","[object Object]","Minneapolis","null","Plymouth Youth Center","Secondary and Senior High Schools","357","3","1","1","Urban","Urban","High","High","9-12","-1"
"Hennepin","2017-2018","All grades combined","225","160","71.1","11","4.9","171","76","[object Object]","Prairie Seeds Academy","null","Prairie Seeds High School Academy","Secondary and Senior High Schools","40","7","4126","1","Urban","Urban","High","High","9-12","-1"
"Mille Lacs","2017-2018","All grades combined","1022","160","15.7","92","9","252","24.7","[object Object]","Princeton","null","Princeton Senior High","Secondary and Senior High Schools","30","1","477","2","Urban","Urban","Low","Low","9-12","-1"
"Scott","2017-2018","All grades combined","2693","156","5.8","102","3.8","258","9.6","[object Object]","Prior Lake-Savage Area","null","Prior Lake High School","Secondary and Senior High Schools","30","1","719","1","Urban","Urban","Low","Low","9-12","-1"
"St. Louis","2017-2018","All grades combined","536","89","16.6","34","6.3","123","22.9","[object Object]","Proctor","null","Proctor Senior High","Secondary and Senior High Schools","1","1","704","1","Urban","Urban","Low","Low","9-12","-1"
"Dakota","2017-2018","All grades combined","271","28","10.3","19","7","47","17.3","[object Object]","Randolph","null","Randolph Secondary","Secondary and Senior High Schools","20","1","195","2","Urban","Urban","Low","Low","7-12","-1"
"Hennepin","2017-2018","All grades combined","1142","587","51.4","136","11.9","723","63.3","[object Object]","Richfield","null","Richfield Senior High","Secondary and Senior High Schools","35","1","280","1","Urban","Urban","High","Mid-high","9-12","-1"
"Ramsey","2017-2018","All grades combined","68","37","54.4","2","2.9","39","57.4","[object Object]","Rivers Edge Academy","null","Rivers Edge Academy","Secondary and Senior High Schools","10","7","4190","1","Urban","Urban","High","Mid-high","9-12","-1"
"Hennepin","2017-2018","All grades combined","2029","572","28.2","164","8.1","736","36.3","[object Object]","Robbinsdale","null","Robbinsdale Armstrong Senior High","Secondary and Senior High Schools","53","1","281","1","Urban","Urban","Low","Mid-low","9-12","-1"
"Hennepin","2017-2018","All grades combined","1556","784","50.4","207","13.3","991","63.7","[object Object]","Robbinsdale","null","Robbinsdale Cooper Senior High","Secondary and Senior High Schools","50","1","281","1","Urban","Urban","High","Mid-high","9-12","-1"
"Olmsted","2017-2018","All grades combined","111","19","17.1","13","11.7","32","28.8","[object Object]","Rochester Beacon Academy","null","Rochester Beacon Academy","Secondary and Senior High Schools","10","7","4238","1","Urban","Urban","Low","Mid-low","6-12","-1"
"Olmsted","2017-2018","All grades combined","113","109","96.5","0","0","109","96.5","[object Object]","Rochester Stem Academy","null","Rochester Stem Academy","Secondary and Senior High Schools","10","7","4204","1","Urban","Urban","High","High","9-12","-1"
"Wright","2017-2018","All grades combined","498","57","11.4","27","5.4","84","16.9","[object Object]","Rockford","null","Rockford Secondary","Secondary and Senior High Schools","1","1","883","2","Urban","Urban","Low","Low","9-12","-1"
"Stearns","2017-2018","All grades combined","790","102","12.9","56","7.1","158","20","[object Object]","Rocori","null","Rocori Senior High","Secondary and Senior High Schools","50","1","750","2","Urban","Urban","Low","Low","9-12","-1"
"Sherburne","2017-2018","All grades combined","1567","122","7.8","75","4.8","197","12.6","[object Object]","Elk River","null","Rogers Senior High","Secondary and Senior High Schools","510","1","728","2","Urban","Urban","Low","Low","9-12","-1"
"Hennepin","2017-2018","All grades combined","166","160","96.4","0","0","160","96.4","[object Object]","Minnesota Internship Center","null","Rondo Campus","Secondary and Senior High Schools","10","7","4102","1","Urban","Urban","High","High","9-12","-1"
"Hennepin","2017-2018","All grades combined","1003","583","58.1","67","6.7","650","64.8","[object Object]","Minneapolis","null","Roosevelt Senior High","Secondary and Senior High Schools","360","3","1","1","Urban","Urban","High","Mid-high","9-12","-1"
"Olmsted","2017-2018","All grades combined","72","32","44.4","3","4.2","35","48.6","[object Object]","Rochester Off-Campus Charter","null","Rosa Parks Charter High","Secondary and Senior High Schools","10","7","4056","1","Urban","Urban","Low","Mid-low","9-12","-1"
"Dakota","2017-2018","All grades combined","2326","242","10.4","100","4.3","342","14.7","[object Object]","Rosemount-Apple Valley-Eagan","null","Rosemount Senior High","Secondary and Senior High Schools","38","1","196","1","Urban","Urban","Low","Low","9-12","-1"
"Ramsey","2017-2018","All grades combined","2310","735","31.8","206","8.9","941","40.7","[object Object]","Roseville","null","Roseville Area Senior High","Secondary and Senior High Schools","69","1","623","1","Urban","Urban","Low","Mid-low","9-12","-1"
"Chisago","2017-2018","All grades combined","389","73","18.8","42","10.8","115","29.6","[object Object]","Rush City","null","Rush City Secondary","Secondary and Senior High Schools","20","1","139","2","Urban","Urban","Low","Mid-low","7-12","-1"
"Hennepin","2017-2018","All grades combined","76","75","98.7","0","0","75","98.7","[object Object]","Minnesota Internship Center","null","Sabathani Campus","Secondary and Senior High Schools","55","7","4102","1","Urban","Urban","High","High","10-12","-1"
"Hennepin","2017-2018","All grades combined","72","36","50","11","15.3","47","65.3","[object Object]","Sage Academy Charter","null","Sage Academy Charter School","Secondary and Senior High Schools","10","7","4087","1","Urban","Urban","High","Mid-high","9-12","-1"
"Hennepin","2017-2018","All grades combined","1471","405","27.5","70","4.8","475","32.3","[object Object]","St. Louis Park","null","Saint Louis Park Senior High","Secondary and Senior High Schools","40","1","283","1","Urban","Urban","Low","Mid-low","9-12","-1"
"Stearns","2017-2018","All grades combined","1197","98","8.2","53","4.4","151","12.6","[object Object]","Sartell-St. Stephen","null","Sartell Senior High","Secondary and Senior High Schools","20","1","748","1","Urban","Urban","Low","Low","9-12","-1"
"Benton","2017-2018","All grades combined","1339","244","18.2","123","9.2","367","27.4","[object Object]","Sauk Rapids-Rice","null","Sauk Rapids-Rice Senior High","Secondary and Senior High Schools","1","1","47","1","Urban","Urban","Low","Mid-low","9-12","-1"
"Dakota","2017-2018","All grades combined","397","31","7.8","16","4","47","11.8","[object Object]","Rosemount-Apple Valley-Eagan","null","School Of Environmental Studies","Secondary and Senior High Schools","60","1","196","1","Urban","Urban","Low","Low","11-12","-1"
"Anoka","2017-2018","All grades combined","49","2","4.1","4","8.2","6","12.2","[object Object]","Spring Lake Park","null","Secondary Lighthouse","Secondary and Senior High Schools","788","1","16","1","Urban","Urban","Low","Low","7-12","-1"
"Scott","2017-2018","All grades combined","1848","377","20.4","188","10.2","565","30.6","[object Object]","Shakopee","null","Shakopee Senior High","Secondary and Senior High Schools","83","1","720","1","Urban","Urban","Low","Mid-low","10-12","-1"
"Dakota","2017-2018","All grades combined","1097","299","27.3","86","7.8","385","35.1","[object Object]","Inver Grove Heights","null","Simley Senior High","Secondary and Senior High Schools","26","1","199","1","Urban","Urban","Low","Mid-low","9-12","-1"
"St. Louis","2017-2018","All grades combined","261","88","33.7","25","9.6","113","43.3","[object Object]","St. Louis County","null","South Ridge Secondary","Secondary and Senior High Schools","45","1","2142","2","Urban","Urban","Low","Mid-low","7-12","-1"
"Dakota","2017-2018","All grades combined","1727","585","33.9","226","13.1","811","47","[object Object]","South St. Paul","null","South Saint Paul Secondary","Secondary and Senior High Schools","120","3","6","1","Urban","Urban","Low","Mid-low","6-12","-1"
"Hennepin","2017-2018","All grades combined","1801","886","49.2","112","6.2","998","55.4","[object Object]","Minneapolis","null","South Senior High","Secondary and Senior High Schools","362","3","1","1","Urban","Urban","High","Mid-high","9-12","-1"
"Hennepin","2017-2018","All grades combined","1908","673","35.3","79","4.1","752","39.4","[object Object]","Minneapolis","null","Southwest Senior High","Secondary and Senior High Schools","364","3","1","1","Urban","Urban","Low","Mid-low","9-12","-1"
"Anoka","2017-2018","All grades combined","1644","444","27","189","11.5","633","38.5","[object Object]","Spring Lake Park","null","Spring Lake Park Senior High","Secondary and Senior High Schools","45","1","16","1","Urban","Urban","Low","Mid-low","9-12","-1"
"Hennepin","2017-2018","All grades combined","705","99","14","55","7.8","154","21.8","[object Object]","St. Anthony-New Brighton","null","St. Anthony Village Senior High","Secondary and Senior High Schools","20","1","282","1","Urban","Urban","Low","Low","9-12","-1"
"Winona","2017-2018","All grades combined","438","75","17.1","35","8","110","25.1","[object Object]","St. Charles","null","St. Charles Secondary","Secondary and Senior High Schools","3","1","858","2","Urban","Urban","Low","Mid-low","7-12","-1"
"Washington","2017-2018","All grades combined","347","13","3.7","11","3.2","24","6.9","[object Object]","St. Croix Preparatory Academy","null","St. Croix Preparatory Academy Upper","Secondary and Senior High Schools","30","7","4120","2","Urban","Urban","Low","Low","9-12","-1"
"Dakota","2017-2018","All grades combined","249","241","96.8","4","1.6","245","98.4","[object Object]","Step Academy Charter","null","Step Academy Charter School","Secondary and Senior High Schools","10","7","4200","1","Urban","Urban","High","High","7-12","-1"
"Olmsted","2017-2018","All grades combined","584","91","15.6","30","5.1","121","20.7","[object Object]","Stewartville","null","Stewartville Senior High","Secondary and Senior High Schools","30","1","534","2","Urban","Urban","Low","Low","9-12","-1"
"Anoka","2017-2018","All grades combined","1336","194","14.5","101","7.6","295","22.1","[object Object]","St. Francis","null","St. Francis High","Secondary and Senior High Schools","122","1","15","2","Urban","Urban","Low","Low","9-12","-1"
"Washington","2017-2018","All grades combined","2760","236","8.6","111","4","347","12.6","[object Object]","Stillwater Area","null","Stillwater Area High School","Secondary and Senior High Schools","47","1","834","2","Urban","Urban","Low","Low","9-12","-1"
"Wright","2017-2018","All grades combined","1985","151","7.6","72","3.6","223","11.2","[object Object]","St. Michael-Albertville","null","St. Michael-Albertville Senior High","Secondary and Senior High Schools","20","1","885","2","Urban","Urban","Low","Low","9-12","-1"
"Ramsey","2017-2018","All grades combined","501","54","10.8","27","5.4","81","16.2","[object Object]","St Paul Conservatory Performing Art","null","St Paul Conservatory Performing Art","Secondary and Senior High Schools","10","7","4112","1","Urban","Urban","Low","Low","9-12","-1"
"Ramsey","2017-2018","All grades combined","1656","619","37.4","186","11.2","805","48.6","[object Object]","North St Paul-Maplewood Oakdale","null","Tartan Senior High","Secondary and Senior High Schools","58","1","622","1","Urban","Urban","Low","Mid-low","9-12","-1"
"Stearns","2017-2018","All grades combined","1528","755","49.4","66","4.3","821","53.7","[object Object]","St. Cloud","null","Technical Senior High","Secondary and Senior High Schools","59","1","742","1","Urban","Urban","High","Mid-high","9-12","-1"
"Ramsey","2017-2018","All grades combined","624","206","33","81","13","287","46","[object Object]","Twin Cities Academy High","null","Twin Cities Academy","Secondary and Senior High Schools","10","7","4132","1","Urban","Urban","Low","Mid-low","6-12","-1"
"Hennepin","2017-2018","All grades combined","299","275","92","19","6.4","294","98.3","[object Object]","Ubah Medical Academy Charter","null","Ubah Medical Academy Charter School","Secondary and Senior High Schools","10","7","4121","1","Urban","Urban","High","High","9-12","-1"
"Clay","2017-2018","All grades combined","137","18","13.1","10","7.3","28","20.4","[object Object]","Ulen-Hitterdal","null","Ulen-Hitterdal Secondary","Secondary and Senior High Schools","2","1","914","2","Urban","Urban","Low","Low","7-12","-1"
"Hennepin","2017-2018","All grades combined","150","146","97.3","1","0.7","147","98","[object Object]","Minnesota Internship Center","null","Unity Campus","Secondary and Senior High Schools","15","7","4102","1","Urban","Urban","High","High","9-12","-1"
"Hennepin","2017-2018","All grades combined","65","10","15.4","2","3.1","12","18.5","[object Object]","Upper Mississippi Academy","null","Upper Mississippi High Academy","Secondary and Senior High Schools","30","7","4210","1","Urban","Urban","Low","Low","9-10","-1"
"Carver","2017-2018","All grades combined","1262","73","5.8","46","3.6","119","9.4","[object Object]","Waconia","null","Waconia Senior High","Secondary and Senior High Schools","310","1","110","2","Urban","Urban","Low","Low","9-12","-1"
"Hennepin","2017-2018","All grades combined","1648","531","32.2","89","5.4","620","37.6","[object Object]","Minneapolis","null","Washburn Senior High","Secondary and Senior High Schools","368","3","1","1","Urban","Urban","Low","Mid-low","9-12","-1"
"Ramsey","2017-2018","All grades combined","2114","1702","80.5","191","9","1893","89.5","[object Object]","St. Paul","null","Washington Tech Secondary Magnet","Secondary and Senior High Schools","252","1","625","1","Urban","Urban","High","High","6-12","-1"
"Hennepin","2017-2018","All grades combined","54","17","31.5","4","7.4","21","38.9","[object Object]","Watershed High","null","Watershed High School","Secondary and Senior High Schools","10","7","4092","1","Urban","Urban","Low","Mid-low","9-12","-1"
"Carver","2017-2018","All grades combined","488","43","8.8","30","6.1","73","15","[object Object]","Watertown-Mayer","null","Watertown Mayer High","Secondary and Senior High Schools","842","1","111","2","Urban","Urban","Low","Low","9-12","-1"
"Hennepin","2017-2018","All grades combined","3342","208","6.2","106","3.2","314","9.4","[object Object]","Wayzata","null","Wayzata High","Secondary and Senior High Schools","50","1","284","1","Urban","Urban","Low","Low","9-12","-1"
"Hennepin","2017-2018","All grades combined","253","218","86.2","13","5.1","231","91.3","[object Object]","Minneapolis","null","Wellstone International High","Secondary and Senior High Schools","363","3","1","1","Urban","Urban","High","High","9-12","-1"
"Ramsey","2017-2018","All grades combined","1284","244","19","83","6.5","327","25.5","[object Object]","White Bear Lake","null","White Bear North Campus Senior","Secondary and Senior High Schools","55","1","624","1","Urban","Urban","Low","Mid-low","9-11","-1"
"Ramsey","2017-2018","All grades combined","1077","163","15.1","78","7.2","241","22.4","[object Object]","White Bear Lake","null","White Bear South Campus Senior","Secondary and Senior High Schools","95","1","624","1","Urban","Urban","Low","Low","11-12","-1"
"Washington","2017-2018","All grades combined","1953","254","13","57","2.9","311","15.9","[object Object]","South Washington County","null","Woodbury Senior High","Secondary and Senior High Schools","29","1","833","1","Urban","Urban","Low","Low","9-12","-1"
"Sherburne","2017-2018","All grades combined","675","88","13","42","6.2","130","19.3","[object Object]","Elk River","null","Zimmerman High School","Secondary and Senior High Schools","530","1","728","2","Urban","Urban","Low","Low","9-12","-1"

Source: Minnesota Department of Education Student Enrollment Data for Special Populations: Free and Reduced Price Lunch Eligibility.  The data represents students enrolled in kindergarten (KG) through grade 12 Minnesota public schools that are eligible for the free and reduced price lunch (FRPL) program. FRPL eligibility is an alternative measure or indicator of the percentage of children within public schools from lower income households. The indicator helps to assess need or identify vulnerable populations for public health programs.  Estimates by state; county; and school district may include students enrolled in special education; juvenile corrections; mental health and chemical dependency programs; alternative learning centers; and online programs (i.e.: programs within schools). Students enrolled in these programs within schools are not included in estimates by specific public schools."  See https://data.web.health.state.mn.us/web/mndata/lunch-metadata for more information.